"keywords","classes"
"#allertamentelig","Outside_Places"
"#allertameteoer","Outside_Places"
"#allertameteolaz","Outside_Places"
"#allertameteolom","Outside_Places"
"#allertameteopie","Outside_Places"
"#allertameteopm","Outside_Places"
"#allertameteorm","Outside_Places"
"#allertameteosar","Outside_Places"
"#allertameteosic","Outside_Places"
"#allertameteoven","Outside_Places"
"#casano","Outside_Places"
"#ceprano","Outside_Places"
"#chiavari","Outside_Places"
"#chiavariallagata","Outside_Places"
"#chiusi","Outside_Places"
"#corsica","Outside_Places"
"#genova","Outside_Places"
"#laspezia","Outside_Places"
"#lazio","Outside_Places"
"#liguria","Outside_Places"
"#magra","Outside_Places"
"#p√¢","Outside_Places"
"#piemonte","Outside_Places"
"#pienapo","Outside_Places"
"#roma","Outside_Places"
"#roncobilaccio","Outside_Places"
"#rupinaro","Outside_Places"
"#sardegna","Outside_Places"
"#sarzana","Outside_Places"
"#zoagli","Outside_Places"
"#allertameteolig","Outside_Places"
